fee30f0d-4c9c-11ec-bd39-94e23ce4d19d.jpg,['LR33 TEE']
04fed172-4cfc-11ec-be0f-94e23ce4d19d.jpg,[]
fa5e1fe5-4cfc-11ec-ac1e-94e23ce4d19d.jpg,['BAD 231']
355ee541-4d05-11ec-98a2-94e23ce4d19d.jpg,[]
d5af76a2-4dbf-11ec-89e8-94e23ce4d19d.jpg,[]
d98ea7fb-4dce-11ec-a85f-94e23ce4d19d.jpg,[]
2ee75a00-4dcf-11ec-8ef2-94e23ce4d19d.jpg,[]
8567738b-4dcf-11ec-a369-94e23ce4d19d.jpg,['11-C-8220']
b7a3c9e1-5918-11ec-bfc5-94e23ce4d19d.jpg,[]
40653ae8-5919-11ec-82e5-94e23ce4d19d.jpg,[]
cf667893-627c-11ec-bdd1-6018954afc7a.jpg,[]
