290a9d9a-4cfc-11ec-8609-94e23ce4d19d.jpg,[]
2d595a68-4cfc-11ec-862b-94e23ce4d19d.jpg,[]
2eae5d08-4cfc-11ec-86bd-94e23ce4d19d.jpg,[]
323a23f0-4cfc-11ec-a8c8-94e23ce4d19d.jpg,['00 AA 0']
3392aa8f-4cfc-11ec-aad4-94e23ce4d19d.jpg,[]
1c48661d-4cfd-11ec-9897-94e23ce4d19d.jpg,[]
1d97e811-4cfd-11ec-93bd-94e23ce4d19d.jpg,[]
21333a9f-4cfd-11ec-a1a0-94e23ce4d19d.jpg,[]
23565e5c-4cfd-11ec-869e-94e23ce4d19d.jpg,[]
24af2e23-4cfd-11ec-9869-94e23ce4d19d.jpg,[]
7231be02-4d05-11ec-a8e2-94e23ce4d19d.jpg,[]
7bafe0e0-4d05-11ec-a4c0-94e23ce4d19d.jpg,[]
7df85fbf-4d05-11ec-a4c5-94e23ce4d19d.jpg,[]
0dba276b-4dc0-11ec-89dc-94e23ce4d19d.jpg,[]
0f23e4c3-4dc0-11ec-9d15-94e23ce4d19d.jpg,[]
108d52c3-4dc0-11ec-b5a8-94e23ce4d19d.jpg,[]
220505f4-4dc0-11ec-8647-94e23ce4d19d.jpg,[]
2371419c-4dc0-11ec-a081-94e23ce4d19d.jpg,[]
24de948a-4dc0-11ec-a4da-94e23ce4d19d.jpg,[]
2654e24f-4dc0-11ec-93f0-94e23ce4d19d.jpg,[]
27d0596b-4dc0-11ec-9ea9-94e23ce4d19d.jpg,[]
293cb2ef-4dc0-11ec-aa9e-94e23ce4d19d.jpg,[]
2aa476cb-4dc0-11ec-bfdb-94e23ce4d19d.jpg,[]
498824a5-4dc0-11ec-a101-94e23ce4d19d.jpg,[]
4aefbe99-4dc0-11ec-91ce-94e23ce4d19d.jpg,['HzI3 WDD']
4c7d8b3f-4dc0-11ec-aade-94e23ce4d19d.jpg,[]
4defa34a-4dc0-11ec-b533-94e23ce4d19d.jpg,[]
4f640327-4dc0-11ec-b23a-94e23ce4d19d.jpg,[]
50c77060-4dc0-11ec-ad1b-94e23ce4d19d.jpg,[]
538aa761-4dc0-11ec-b759-94e23ce4d19d.jpg,[]
54f50c4d-4dc0-11ec-8f72-94e23ce4d19d.jpg,[]
566491cc-4dc0-11ec-a813-94e23ce4d19d.jpg,[]
57d5ed83-4dc0-11ec-8309-94e23ce4d19d.jpg,[]
5c569125-4dc0-11ec-a033-94e23ce4d19d.jpg,[]
5dc69931-4dc0-11ec-8eb5-94e23ce4d19d.jpg,[]
5f2c1849-4dc0-11ec-ae6a-94e23ce4d19d.jpg,[]
6094a52e-4dc0-11ec-a990-94e23ce4d19d.jpg,[]
43351e5a-4dcf-11ec-a81d-94e23ce4d19d.jpg,['Tn 63 DB 5481']
44859b80-4dcf-11ec-b9fa-94e23ce4d19d.jpg,['TN 63 DB 5481']
45d4481e-4dcf-11ec-a7b1-94e23ce4d19d.jpg,['TN 63 DB 5481']
4736360e-4dcf-11ec-84d1-94e23ce4d19d.jpg,['TN 63 DB 5481']
4898257c-4dcf-11ec-868f-94e23ce4d19d.jpg,['TN 63 DB 5481']
53eecea6-4dcf-11ec-8ff5-94e23ce4d19d.jpg,[]
5572f21e-4dcf-11ec-9fb8-94e23ce4d19d.jpg,[]
56d98501-4dcf-11ec-b662-94e23ce4d19d.jpg,[]
5c702a22-4dcf-11ec-8dcf-94e23ce4d19d.jpg,[]
5ed1fabe-4dcf-11ec-99f0-94e23ce4d19d.jpg,['CGOANF2250']
634d64fd-4dcf-11ec-bc84-94e23ce4d19d.jpg,[]
658014f1-4dcf-11ec-9e0a-94e23ce4d19d.jpg,[]
6844d137-4dcf-11ec-9149-94e23ce4d19d.jpg,[]
697a8458-4dcf-11ec-81bd-94e23ce4d19d.jpg,[]
6ab91b78-4dcf-11ec-ba0d-94e23ce4d19d.jpg,['11-C-82']
6bff1601-4dcf-11ec-8761-94e23ce4d19d.jpg,['11-C-8220']
6d4e04d5-4dcf-11ec-afae-94e23ce4d19d.jpg,['01-C-8290']
6e9ff906-4dcf-11ec-b576-94e23ce4d19d.jpg,['11-C-8290']
7222218b-4dcf-11ec-b14d-94e23ce4d19d.jpg,['11-C-8220']
d790bded-5918-11ec-b386-94e23ce4d19d.jpg,[]
d94e54bc-5918-11ec-934a-94e23ce4d19d.jpg,[]
f5eb9a87-5918-11ec-8989-94e23ce4d19d.jpg,[]
20742c1c-5919-11ec-9061-94e23ce4d19d.jpg,[]
21f65309-5919-11ec-ab4d-94e23ce4d19d.jpg,['HR26do55s_']
23798812-5919-11ec-90ee-94e23ce4d19d.jpg,['HRZEDO5S ^']
24c84f00-5919-11ec-9606-94e23ce4d19d.jpg,['HR26d0s55_']
2603c629-5919-11ec-8d1c-94e23ce4d19d.jpg,['HRZ6dosss']
284c37fb-5919-11ec-bf24-94e23ce4d19d.jpg,[]
4d400365-627e-11ec-8bba-6018954afc7a.jpg,['Tn 63 DB 5481']
4eeb25b7-627e-11ec-816f-6018954afc7a.jpg,[]
52f56de6-627e-11ec-ae25-6018954afc7a.jpg,['TN 63 DB 5481']
5687bd85-627e-11ec-937f-6018954afc7a.jpg,[]
594fd7b9-627e-11ec-8f21-6018954afc7a.jpg,[]
5fc69841-627e-11ec-b58e-6018954afc7a.jpg,['In 62 DH 5401']
617e91d9-627e-11ec-b01e-6018954afc7a.jpg,[]
65ad1378-627e-11ec-89a7-6018954afc7a.jpg,[]
67293a9a-627e-11ec-b11e-6018954afc7a.jpg,[]
695ffa4c-627e-11ec-b74b-6018954afc7a.jpg,[]
6aed6239-627e-11ec-b204-6018954afc7a.jpg,[]
6ef86962-627e-11ec-9ee7-6018954afc7a.jpg,[]
70ae22bb-627e-11ec-8959-6018954afc7a.jpg,['Tn 63 DB 5481']
721ddbb4-627e-11ec-ad68-6018954afc7a.jpg,['TN 63 DB 5481']
73994f95-627e-11ec-8dce-6018954afc7a.jpg,['TN 63 DB 5481']
75085cc5-627e-11ec-bb31-6018954afc7a.jpg,['TN 63 DB 5481']
76a29d53-627e-11ec-8f02-6018954afc7a.jpg,[]
78078fcf-627e-11ec-9d2c-6018954afc7a.jpg,['TN 63 DB 5481']
